
-- *** STRUCTURE: `tbl_fields_author` ***
DROP TABLE IF EXISTS `tbl_fields_author`;
CREATE TABLE `tbl_fields_author` (
  `id` int(11) unsigned NOT NULL AUTO_INCREMENT,
  `field_id` int(11) unsigned NOT NULL,
  `allow_author_change` enum('yes','no') NOT NULL,
  `allow_multiple_selection` enum('yes','no') NOT NULL DEFAULT 'no',
  `default_to_current_user` enum('yes','no') NOT NULL,
  PRIMARY KEY (`id`),
  UNIQUE KEY `field_id` (`field_id`)
) ENGINE=MyISAM DEFAULT CHARSET=utf8;

-- *** DATA: `tbl_fields_author` ***

-- *** STRUCTURE: `tbl_fields_checkbox` ***
DROP TABLE IF EXISTS `tbl_fields_checkbox`;
CREATE TABLE `tbl_fields_checkbox` (
  `id` int(11) unsigned NOT NULL AUTO_INCREMENT,
  `field_id` int(11) unsigned NOT NULL,
  `default_state` enum('on','off') NOT NULL DEFAULT 'on',
  `description` varchar(255) DEFAULT NULL,
  PRIMARY KEY (`id`),
  KEY `field_id` (`field_id`)
) ENGINE=MyISAM DEFAULT CHARSET=utf8;

-- *** DATA: `tbl_fields_checkbox` ***

-- *** STRUCTURE: `tbl_fields_date` ***
DROP TABLE IF EXISTS `tbl_fields_date`;
CREATE TABLE `tbl_fields_date` (
  `id` int(11) unsigned NOT NULL AUTO_INCREMENT,
  `field_id` int(11) unsigned NOT NULL,
  `pre_populate` enum('yes','no') NOT NULL DEFAULT 'no',
  PRIMARY KEY (`id`),
  KEY `field_id` (`field_id`)
) ENGINE=MyISAM DEFAULT CHARSET=utf8;

-- *** DATA: `tbl_fields_date` ***

-- *** STRUCTURE: `tbl_fields_input` ***
DROP TABLE IF EXISTS `tbl_fields_input`;
CREATE TABLE `tbl_fields_input` (
  `id` int(11) unsigned NOT NULL AUTO_INCREMENT,
  `field_id` int(11) unsigned NOT NULL,
  `validator` varchar(255) DEFAULT NULL,
  PRIMARY KEY (`id`),
  KEY `field_id` (`field_id`)
) ENGINE=MyISAM AUTO_INCREMENT=5 DEFAULT CHARSET=utf8;

-- *** DATA: `tbl_fields_input` ***
INSERT INTO `tbl_fields_input` (`id`, `field_id`, `validator`) VALUES (4, 1, NULL);

-- *** STRUCTURE: `tbl_fields_order_entries` ***
DROP TABLE IF EXISTS `tbl_fields_order_entries`;
CREATE TABLE `tbl_fields_order_entries` (
  `id` int(11) unsigned NOT NULL AUTO_INCREMENT,
  `field_id` int(11) unsigned NOT NULL,
  `force_sort` enum('yes','no') DEFAULT 'no',
  `hide` enum('yes','no') DEFAULT 'no',
  PRIMARY KEY (`id`),
  UNIQUE KEY `field_id` (`field_id`)
) ENGINE=MyISAM AUTO_INCREMENT=4 DEFAULT CHARSET=utf8;

-- *** DATA: `tbl_fields_order_entries` ***
INSERT INTO `tbl_fields_order_entries` (`id`, `field_id`, `force_sort`, `hide`) VALUES (3, 2, NULL, 'no');

-- *** STRUCTURE: `tbl_fields_select` ***
DROP TABLE IF EXISTS `tbl_fields_select`;
CREATE TABLE `tbl_fields_select` (
  `id` int(11) unsigned NOT NULL AUTO_INCREMENT,
  `field_id` int(11) unsigned NOT NULL,
  `allow_multiple_selection` enum('yes','no') NOT NULL DEFAULT 'no',
  `show_association` enum('yes','no') NOT NULL DEFAULT 'yes',
  `sort_options` enum('yes','no') NOT NULL DEFAULT 'no',
  `static_options` text,
  `dynamic_options` int(11) unsigned DEFAULT NULL,
  PRIMARY KEY (`id`),
  KEY `field_id` (`field_id`)
) ENGINE=MyISAM DEFAULT CHARSET=utf8;

-- *** DATA: `tbl_fields_select` ***

-- *** STRUCTURE: `tbl_fields_selectbox_link` ***
DROP TABLE IF EXISTS `tbl_fields_selectbox_link`;
CREATE TABLE `tbl_fields_selectbox_link` (
  `id` int(11) unsigned NOT NULL AUTO_INCREMENT,
  `field_id` int(11) unsigned NOT NULL,
  `allow_multiple_selection` enum('yes','no') COLLATE utf8_unicode_ci NOT NULL DEFAULT 'no',
  `show_association` enum('yes','no') COLLATE utf8_unicode_ci NOT NULL DEFAULT 'yes',
  `related_field_id` varchar(255) COLLATE utf8_unicode_ci NOT NULL,
  `limit` int(4) unsigned NOT NULL DEFAULT '20',
  PRIMARY KEY (`id`),
  KEY `field_id` (`field_id`)
) ENGINE=MyISAM DEFAULT CHARSET=utf8 COLLATE=utf8_unicode_ci;

-- *** DATA: `tbl_fields_selectbox_link` ***

-- *** STRUCTURE: `tbl_fields_taglist` ***
DROP TABLE IF EXISTS `tbl_fields_taglist`;
CREATE TABLE `tbl_fields_taglist` (
  `id` int(11) unsigned NOT NULL AUTO_INCREMENT,
  `field_id` int(11) unsigned NOT NULL,
  `validator` varchar(255) DEFAULT NULL,
  `pre_populate_source` varchar(15) DEFAULT NULL,
  PRIMARY KEY (`id`),
  KEY `field_id` (`field_id`),
  KEY `pre_populate_source` (`pre_populate_source`)
) ENGINE=MyISAM DEFAULT CHARSET=utf8;

-- *** DATA: `tbl_fields_taglist` ***

-- *** STRUCTURE: `tbl_fields_textarea` ***
DROP TABLE IF EXISTS `tbl_fields_textarea`;
CREATE TABLE `tbl_fields_textarea` (
  `id` int(11) unsigned NOT NULL AUTO_INCREMENT,
  `field_id` int(11) unsigned NOT NULL,
  `formatter` varchar(100) DEFAULT NULL,
  `size` int(3) unsigned NOT NULL,
  PRIMARY KEY (`id`),
  KEY `field_id` (`field_id`)
) ENGINE=MyISAM DEFAULT CHARSET=utf8;

-- *** DATA: `tbl_fields_textarea` ***

-- *** STRUCTURE: `tbl_fields_upload` ***
DROP TABLE IF EXISTS `tbl_fields_upload`;
CREATE TABLE `tbl_fields_upload` (
  `id` int(11) unsigned NOT NULL AUTO_INCREMENT,
  `field_id` int(11) unsigned NOT NULL,
  `destination` varchar(255) NOT NULL,
  `validator` varchar(255) DEFAULT NULL,
  PRIMARY KEY (`id`),
  KEY `field_id` (`field_id`)
) ENGINE=MyISAM DEFAULT CHARSET=utf8;

-- *** DATA: `tbl_fields_upload` ***

-- *** STRUCTURE: `tbl_entries_data_1` ***
DROP TABLE IF EXISTS `tbl_entries_data_1`;
CREATE TABLE `tbl_entries_data_1` (
  `id` int(11) unsigned NOT NULL AUTO_INCREMENT,
  `entry_id` int(11) unsigned NOT NULL,
  `handle` varchar(255) DEFAULT NULL,
  `value` varchar(255) DEFAULT NULL,
  PRIMARY KEY (`id`),
  UNIQUE KEY `entry_id` (`entry_id`),
  KEY `handle` (`handle`),
  KEY `value` (`value`)
) ENGINE=MyISAM AUTO_INCREMENT=5 DEFAULT CHARSET=utf8;

-- *** DATA: `tbl_entries_data_1` ***
INSERT INTO `tbl_entries_data_1` (`id`, `entry_id`, `handle`, `value`) VALUES (1, 1, 'content', 'Content');
INSERT INTO `tbl_entries_data_1` (`id`, `entry_id`, `handle`, `value`) VALUES (2, 2, 'forms', 'Forms');
INSERT INTO `tbl_entries_data_1` (`id`, `entry_id`, `handle`, `value`) VALUES (3, 3, 'lists', 'Lists');
INSERT INTO `tbl_entries_data_1` (`id`, `entry_id`, `handle`, `value`) VALUES (4, 4, 'navigation', 'Navigation');

-- *** STRUCTURE: `tbl_entries_data_2` ***
DROP TABLE IF EXISTS `tbl_entries_data_2`;
CREATE TABLE `tbl_entries_data_2` (
  `id` int(11) unsigned NOT NULL AUTO_INCREMENT,
  `entry_id` int(11) unsigned NOT NULL,
  `value` double DEFAULT NULL,
  PRIMARY KEY (`id`),
  KEY `entry_id` (`entry_id`),
  KEY `value` (`value`)
) ENGINE=MyISAM AUTO_INCREMENT=5 DEFAULT CHARSET=utf8;

-- *** DATA: `tbl_entries_data_2` ***
INSERT INTO `tbl_entries_data_2` (`id`, `entry_id`, `value`) VALUES (1, 1, 1);
INSERT INTO `tbl_entries_data_2` (`id`, `entry_id`, `value`) VALUES (2, 2, 2);
INSERT INTO `tbl_entries_data_2` (`id`, `entry_id`, `value`) VALUES (3, 3, 3);
INSERT INTO `tbl_entries_data_2` (`id`, `entry_id`, `value`) VALUES (4, 4, 4);

-- *** DATA: `tbl_entries` ***
INSERT INTO `tbl_entries` (`id`, `section_id`, `author_id`, `creation_date`, `creation_date_gmt`) VALUES (1, 1, 1, '2012-04-20 10:34:38', '2012-04-20 17:34:38');
INSERT INTO `tbl_entries` (`id`, `section_id`, `author_id`, `creation_date`, `creation_date_gmt`) VALUES (2, 1, 1, '2012-04-20 10:34:44', '2012-04-20 17:34:44');
INSERT INTO `tbl_entries` (`id`, `section_id`, `author_id`, `creation_date`, `creation_date_gmt`) VALUES (3, 1, 1, '2012-04-20 10:34:51', '2012-04-20 17:34:51');
INSERT INTO `tbl_entries` (`id`, `section_id`, `author_id`, `creation_date`, `creation_date_gmt`) VALUES (4, 1, 1, '2012-04-20 10:35:00', '2012-04-20 17:35:00');

-- *** DATA: `tbl_extensions` ***
INSERT INTO `tbl_extensions` (`id`, `name`, `status`, `version`) VALUES (1, 'xssfilter', 'enabled', 1.1);
INSERT INTO `tbl_extensions` (`id`, `name`, `status`, `version`) VALUES (2, 'debugdevkit', 'enabled', '1.2.1');
INSERT INTO `tbl_extensions` (`id`, `name`, `status`, `version`) VALUES (3, 'dump_db', 'enabled', 1.09);
INSERT INTO `tbl_extensions` (`id`, `name`, `status`, `version`) VALUES (4, 'export_ensemble', 'enabled', 1.16);
INSERT INTO `tbl_extensions` (`id`, `name`, `status`, `version`) VALUES (5, 'selectbox_link_field', 'enabled', 1.22);
INSERT INTO `tbl_extensions` (`id`, `name`, `status`, `version`) VALUES (6, 'jit_image_manipulation', 'enabled', 1.14);
INSERT INTO `tbl_extensions` (`id`, `name`, `status`, `version`) VALUES (7, 'maintenance_mode', 'enabled', 1.5);
INSERT INTO `tbl_extensions` (`id`, `name`, `status`, `version`) VALUES (8, 'profiledevkit', 'enabled', '1.0.4');
INSERT INTO `tbl_extensions` (`id`, `name`, `status`, `version`) VALUES (9, 'markdown', 'enabled', 1.13);
INSERT INTO `tbl_extensions` (`id`, `name`, `status`, `version`) VALUES (10, 'edui', 'enabled', '0.6.1');
INSERT INTO `tbl_extensions` (`id`, `name`, `status`, `version`) VALUES (11, 'html5_doctype', 'enabled', '1.2.5');
INSERT INTO `tbl_extensions` (`id`, `name`, `status`, `version`) VALUES (12, 'order_entries', 'enabled', '1.9.8');

-- *** DATA: `tbl_extensions_delegates` ***
INSERT INTO `tbl_extensions_delegates` (`id`, `extension_id`, `page`, `delegate`, `callback`) VALUES (1, 1, '/blueprints/events/new/', 'AppendEventFilter', 'appendEventFilter');
INSERT INTO `tbl_extensions_delegates` (`id`, `extension_id`, `page`, `delegate`, `callback`) VALUES (2, 1, '/blueprints/events/edit/', 'AppendEventFilter', 'appendEventFilter');
INSERT INTO `tbl_extensions_delegates` (`id`, `extension_id`, `page`, `delegate`, `callback`) VALUES (3, 1, '/frontend/', 'EventPreSaveFilter', 'eventPreSaveFilter');
INSERT INTO `tbl_extensions_delegates` (`id`, `extension_id`, `page`, `delegate`, `callback`) VALUES (4, 2, '/frontend/', 'FrontendDevKitResolve', 'frontendDevKitResolve');
INSERT INTO `tbl_extensions_delegates` (`id`, `extension_id`, `page`, `delegate`, `callback`) VALUES (5, 2, '/frontend/', 'ManipulateDevKitNavigation', 'manipulateDevKitNavigation');
INSERT INTO `tbl_extensions_delegates` (`id`, `extension_id`, `page`, `delegate`, `callback`) VALUES (6, 3, '/system/preferences/', 'AddCustomPreferenceFieldsets', 'appendPreferences');
INSERT INTO `tbl_extensions_delegates` (`id`, `extension_id`, `page`, `delegate`, `callback`) VALUES (7, 3, '/backend/', 'InitaliseAdminPageHead', 'initaliseAdminPageHead');
INSERT INTO `tbl_extensions_delegates` (`id`, `extension_id`, `page`, `delegate`, `callback`) VALUES (8, 3, '/backend/', 'AppendPageAlert', 'appendAlert');
INSERT INTO `tbl_extensions_delegates` (`id`, `extension_id`, `page`, `delegate`, `callback`) VALUES (9, 4, '/system/preferences/', 'AddCustomPreferenceFieldsets', 'appendPreferences');
INSERT INTO `tbl_extensions_delegates` (`id`, `extension_id`, `page`, `delegate`, `callback`) VALUES (10, 6, '/system/preferences/', 'AddCustomPreferenceFieldsets', 'appendPreferences');
INSERT INTO `tbl_extensions_delegates` (`id`, `extension_id`, `page`, `delegate`, `callback`) VALUES (11, 6, '/system/preferences/', 'Save', '__SavePreferences');
INSERT INTO `tbl_extensions_delegates` (`id`, `extension_id`, `page`, `delegate`, `callback`) VALUES (12, 7, '/system/preferences/', 'AddCustomPreferenceFieldsets', 'appendPreferences');
INSERT INTO `tbl_extensions_delegates` (`id`, `extension_id`, `page`, `delegate`, `callback`) VALUES (13, 7, '/system/preferences/', 'Save', '__SavePreferences');
INSERT INTO `tbl_extensions_delegates` (`id`, `extension_id`, `page`, `delegate`, `callback`) VALUES (14, 7, '/system/preferences/', 'CustomActions', '__toggleMaintenanceMode');
INSERT INTO `tbl_extensions_delegates` (`id`, `extension_id`, `page`, `delegate`, `callback`) VALUES (15, 7, '/backend/', 'AppendPageAlert', '__appendAlert');
INSERT INTO `tbl_extensions_delegates` (`id`, `extension_id`, `page`, `delegate`, `callback`) VALUES (16, 7, '/blueprints/pages/', 'AppendPageContent', '__appendType');
INSERT INTO `tbl_extensions_delegates` (`id`, `extension_id`, `page`, `delegate`, `callback`) VALUES (17, 7, '/frontend/', 'FrontendPrePageResolve', '__checkForMaintenanceMode');
INSERT INTO `tbl_extensions_delegates` (`id`, `extension_id`, `page`, `delegate`, `callback`) VALUES (18, 7, '/frontend/', 'FrontendParamsResolve', '__addParam');
INSERT INTO `tbl_extensions_delegates` (`id`, `extension_id`, `page`, `delegate`, `callback`) VALUES (19, 8, '/frontend/', 'FrontendDevKitResolve', 'frontendDevKitResolve');
INSERT INTO `tbl_extensions_delegates` (`id`, `extension_id`, `page`, `delegate`, `callback`) VALUES (20, 8, '/frontend/', 'ManipulateDevKitNavigation', 'manipulateDevKitNavigation');
INSERT INTO `tbl_extensions_delegates` (`id`, `extension_id`, `page`, `delegate`, `callback`) VALUES (21, 10, '/backend/', 'NavigationPreRender', 'deleteComponentsItem');
INSERT INTO `tbl_extensions_delegates` (`id`, `extension_id`, `page`, `delegate`, `callback`) VALUES (22, 10, '/backend/', 'AdminPagePreGenerate', 'setRedirects');
INSERT INTO `tbl_extensions_delegates` (`id`, `extension_id`, `page`, `delegate`, `callback`) VALUES (23, 11, '/frontend/', 'FrontendOutputPostGenerate', 'parse_html');
INSERT INTO `tbl_extensions_delegates` (`id`, `extension_id`, `page`, `delegate`, `callback`) VALUES (24, 12, '/backend/', 'InitaliseAdminPageHead', 'appendScriptToHead');

-- *** DATA: `tbl_fields` ***
INSERT INTO `tbl_fields` (`id`, `label`, `element_name`, `type`, `parent_section`, `required`, `sortorder`, `location`, `show_column`) VALUES (1, 'Category', 'category', 'input', 1, 'yes', 0, 'main', 'yes');
INSERT INTO `tbl_fields` (`id`, `label`, `element_name`, `type`, `parent_section`, `required`, `sortorder`, `location`, `show_column`) VALUES (2, 'Sort', 'sort', 'order_entries', 1, 'no', 1, 'sidebar', 'yes');

-- *** DATA: `tbl_pages` ***
INSERT INTO `tbl_pages` (`id`, `parent`, `title`, `handle`, `path`, `params`, `data_sources`, `events`, `sortorder`) VALUES (1, NULL, 'Home', 'home', NULL, NULL, NULL, NULL, 1);

-- *** DATA: `tbl_pages_types` ***
INSERT INTO `tbl_pages_types` (`id`, `page_id`, `type`) VALUES (1, 1, 'index');

-- *** DATA: `tbl_sections` ***
INSERT INTO `tbl_sections` (`id`, `name`, `handle`, `sortorder`, `entry_order`, `entry_order_direction`, `hidden`, `navigation_group`) VALUES (1, 'Categories', 'categories', 1, 2, 'asc', 'no', 'Content');

-- *** DATA: `tbl_sections_association` ***
